,0,1,2,3,4,5,6,7,8,9,10,11,12,13,14,15,16,17,18,19,20,21,22,23,24,25,26,27,28,29,30,31,32,33,34,35,36,37,38,39,40,41,42,43,44,45,46,47,48,49,y
0,0.1783204736238675,-0.07011223883097821,0.21716067423247937,-0.017264955821740303,0.26758989559527296,-0.040528403816676835,0.24600973856795494,0.3367724489660741,-0.054596440658068894,-0.006718896093370912,-0.12985012207049035,-0.032173391320844034,-0.31188536708580017,0.1451801732292928,-0.057417909597863095,0.1859125973138074,-0.06432578478912446,-0.04652509495000231,0.15532303269360023,-0.15877406476251751,0.1210185911334909,-0.1275861402763107,-0.003201119309594244,-0.011475451957498103,-0.13427311685463528,0.05151009321026465,0.11579913449259688,0.12864453141320406,0.11390889857727045,0.10976784577589244,-0.02713389121759518,0.05211773164616494,0.1264893711691489,-0.054497045131403646,-0.07330921230478239,-0.2464226653573811,0.0020567341617770355,-0.014788214937637607,0.062393656434499026,0.06708171730757595,0.08044688778004974,-0.029051309460759643,0.27711011294508753,-0.15114214333984421,-0.1327897266533552,0.07113140880747722,-0.08865854903892739,-0.04432360811265557,0.2934767711784557,-0.08008364776313419,1.25408293515705
1,-0.19615534095805906,0.20538680037805962,0.22635588169363066,-0.0948800924248311,-0.22961301873923853,0.0667328850316852,-0.014896611036073926,0.049172956953429034,-0.11259906040947754,0.004332473924144437,0.05754401549893339,0.0018391866752885803,-0.25487439134773704,0.23548623514257014,0.18140786083100735,0.04733658574527085,-0.010570029635481681,0.08291886961288264,0.150270492171624,0.15900350446430972,-0.13227966341003844,0.06937013697691607,0.01871578897314786,-0.2625235758037161,0.1865845129440884,-0.15293033374956788,0.12786231956418792,0.12884665327200384,-0.04073325921755901,-0.07028335867031393,0.15703707130350006,0.18400805836165854,-0.090114191761025,0.09977077037454347,-0.1377896708906592,-0.21256186991434034,-0.0471292736965939,-0.11795598947064398,-0.035512178227911466,-0.05818335636787096,0.24149888300132166,-0.22669574227013312,-0.09034717708561693,0.06886984895207747,0.037318191421924,-0.006357766514363477,-0.09249859631131767,-0.03515247829983781,-0.13718037720134302,0.2632917823496277,-1.745837548497128
2,-0.17942340288495598,0.10055217234775493,0.10824652065468617,0.08748263639428915,0.20617753596998156,-0.1704644437589535,0.008032815980870816,-0.3320414698807072,-0.17956844200642644,0.027337146549509667,-0.2078627002197865,0.022663348031621712,-0.04108322277011824,0.04349584866709175,-0.14474350806849862,0.22093924049664976,0.27186070816194946,0.03736994878191523,-0.25785884150522687,0.18207479349082897,-0.04449625736086997,0.20929205324793038,-0.01724039415992006,0.021042833950243478,-0.09686370226715835,0.08885421224814453,-0.24626899346730233,0.06342323654330688,0.12126334830717302,-0.2870362827960162,0.15283494680904958,-0.06994538310823066,-0.020751666069660054,0.012234208314589311,0.06761015409549634,-0.10980680253374804,-0.05747946277206764,-0.07287645755477339,-0.05113513727859475,-0.02696084312794216,-0.030108720806833907,0.029039511099425642,0.11875981880382244,-0.08009776190394843,0.12454704944756011,0.07963324645624223,-0.013006482094782744,-0.22735030972715978,0.20563317145956203,0.10094736759414243,-1.436524703044293
3,-0.1731880749279789,-0.07041099808357136,0.06375833933480693,0.1213411819981939,0.13548140673831452,-0.04311663998434739,-0.02805370493814641,-0.30235234721108256,-0.021704775527608484,-0.040129478229451336,0.08469621994107912,-0.02413144278824661,-0.12689685089295502,-0.07105789269594884,0.001883390382689394,0.14679992680939066,-0.08516751390370335,-0.15271099399257002,0.24076854373060663,-0.21605393439229004,0.0709813845951949,0.10669146135048534,0.37719388646485813,0.12478986411436738,0.22157251880800846,-0.03267713690598006,-0.051647139650423994,-0.11593321777587354,-0.10384610257119947,0.1917357039108837,-0.26085772085642067,0.07346983965317497,-0.07748598368597008,0.14546671057976557,-0.020297976966388524,-0.08975502841433992,0.2021347710518206,-0.041973360453195795,-0.32857599246403985,0.027771727788008023,-0.04529915292619295,-0.06221686517179626,-0.07043599273032143,0.05757799013500384,0.1240187562729884,0.2191301439831885,-0.09523062923829322,-0.018921756311043786,0.06842114713168582,-0.07649836002155744,-1.6512961810855489
4,0.009855693108226501,0.28218456083127635,-0.04485973519373348,0.13450809333581626,0.15242708444682906,0.14570636910642962,0.029455293657267102,0.045334123369237464,0.1300099648624166,0.06180552815652164,-0.06022627571654032,-0.1025304400649834,-0.008906410311367432,0.167596303652095,0.3326568838333767,-0.031866210970944,0.12001645118188002,0.20791395929315132,-0.11413115063769037,-0.13125632123160325,0.039713940421117436,0.005455811544305847,0.07688457484665426,0.06428137282030835,-0.09527260609659852,0.2690039135172765,-0.042698679721858195,0.10261249495512956,-0.15998384206813618,-0.035132456041178546,-0.2676835978112143,0.1817485605273586,-0.17075151460872776,0.15976476164111952,-0.1488872895207348,0.2396355606741573,-0.2158042950596732,-0.0025562072458941397,-0.04230334640448415,-0.17954647115780165,-0.032760507244594915,0.031695576132593405,0.13164285948908694,0.09628238241116077,-0.08846365990997526,-0.0815232188547422,-0.19987344854922257,-0.18902696150724657,-0.06236185670206348,-0.12503573700346662,0.29651598216226127
5,0.10849869972861609,0.05295319642345709,-0.14639193616956836,0.08530582416382032,-0.15967275546598225,-0.12275465878132419,0.23255828783148574,0.14802540940215456,-0.10805739853351008,0.15112729999942862,0.032866055636921986,0.028267339514210184,-0.172176202174176,-0.06765589874917338,-0.00043434991543980344,-0.17959430347470404,0.16732019676327553,0.10334559292503898,-0.05194113728647478,0.006971593337842624,0.01975480421691803,-0.11278113696389275,0.022835609829215137,0.15154996150501107,0.14472300438555452,0.02391156356492432,-0.354877180261839,0.15741801815941697,0.18546935951836058,0.023411034893505284,0.04402813651229736,-0.0006889410130894543,-0.15918266755616994,0.008625733915960462,0.3186857653791198,-0.13236925110512737,0.15862036802332236,-0.12081313835912648,-0.13576815007350795,-0.18011657158311775,0.03681405948090653,-0.09421260926003218,-0.10001477252958257,0.15143485606911317,-0.05452767818802052,-0.12589342158126157,-0.23045410088388837,0.281683710999147,0.07959984352231823,-0.11931760017124948,1.5904371168853866
6,-0.0317951398862995,-0.03167357389798655,-0.1131469574971033,-0.05608471412034749,-0.11177379661101199,-0.10574618682811453,-0.14287129589514672,0.06289688130499385,-0.041530376625804444,-0.24323154425839325,0.23427486776020828,0.15862203847726983,0.058727529287135344,-0.02221023812660042,-0.039964887824046065,-0.14552581302799628,-0.04363309753990147,-0.10690001849622831,-0.2020671635440876,-0.00030484826413473983,0.10372073014351564,-0.12692264589868307,0.03581290926199887,-0.12810814065725953,-0.12340176165897769,-0.050773307625388675,-0.06250145550096747,0.19067225964474072,0.18515377209780026,-0.05139028545095544,0.055739206774521134,0.303333105810944,0.115903480878402,0.3603137771873761,-0.0117553538467389,-0.16028632076380836,-0.22959278104157255,0.032721617961662945,-0.13997893361974362,0.17047779520771544,-0.1406096634195663,-0.16041724745777264,0.10947895772955002,0.03431566280290995,0.09296769072486473,0.1320025196929494,0.02691354723808609,-0.11864230994121674,-0.015729184567202143,-0.3258811949621365,-0.6763300675601542
7,0.036608818281990134,0.03326854946661806,-0.11825283339408509,0.3374600020523735,-0.29311683963620694,-0.08861024815102196,0.09686990045502841,-0.004752548805027432,0.12053702605676732,-0.2793108644772107,-0.07077786154008914,-0.20004205882644738,0.058054562130351615,0.15463395342773845,-0.15060856784497237,0.12692677665542065,0.20133241122568588,0.06853608714548241,-0.04136193430530292,-0.2633449616646795,-0.011872051133044367,-0.05403821816336683,0.15525573868350734,-0.03756192395879239,-0.09460445686994372,-0.23865337969293102,0.21412332578759535,-0.2268350768842264,0.15785605759119836,-0.08555414973268097,0.07438284291655962,-0.20999836684386833,-0.15055150295030173,-0.025674205328569673,-0.15479200168464163,-0.10197568486932986,-0.17680396074085883,0.0988189465723725,0.00891850173833967,-0.037287386952522025,0.07600300545120586,0.038952129263708814,0.028661072461803844,0.09608103978730756,0.1392807843645157,-0.027021427219662362,-0.1468769661546677,0.09794762880348286,0.03428808150015506,-0.05406721078799813,0.008945997072464962
8,0.035662142291272764,0.13494361180645,-0.01932167277399804,-0.09320692107052096,-0.04900592624763942,-0.34977571516024303,-0.028838486018692516,0.1794856159075688,0.042873001025454285,-0.009317423334597522,0.119610542209787,-0.012192348915501682,0.1308892646795824,-0.044178548828716295,-0.027804561436479202,0.11477960651446438,0.01173890626954871,0.1353096796681143,0.08061172069276595,-0.20399089644956042,-0.017863264435781803,-0.02401989836521273,0.10732144895351782,0.09294767768380442,0.06898086560884024,-0.10072286930277911,0.02280066360961297,-0.0500023827359069,-0.4220471081858764,-0.3185388794575713,0.22719198294147627,0.04922576723306839,-0.04878808538922274,0.03918954581152887,0.24311125247223805,0.04406243677124407,0.24469112901718992,-0.030340371154847782,0.13897386561494962,-0.05061373201650805,0.017907132136982286,-0.05839142028190409,0.25477578484135804,-0.036682818708209525,-0.13143812765534182,0.22836998866433378,0.018292377228035134,-0.14389083784703477,-0.10947344633539019,-0.0708613119585301,0.8401542635758585
9,0.02897126028480886,0.005222229298149668,0.351739910935927,0.14553824021675296,0.12358538074046224,0.04609539011119699,0.09230613730004349,-0.11475506110823445,-0.08156347203884015,0.14377689768979168,0.10735673288752055,-0.2317192179367983,0.08434034821783681,-0.006424013624940205,-0.02263822262852299,-0.4175034856217708,-0.10351073526277853,-0.022372860036169624,-0.05515578591721489,-0.09297424236301453,0.011059632768924346,-0.16706650094884556,0.1657010923411914,0.007850648560467105,0.07580684782783882,-0.09226235451816177,-0.08725268251533633,0.07851620734732623,0.13894531818608555,0.07589532704840188,0.13668087309428598,-0.01692472145327524,-0.138083375659796,-0.10753305554748704,0.07063944728919969,0.08093186000376762,-0.19412050985733767,0.19728583402238725,0.03152688985859142,-0.20168407490699738,0.04638403817530633,-0.07492386794749824,0.2187626726876939,-0.16197314936712745,0.12138830027963525,0.2558127917492123,0.17972672916889204,0.03080911060053164,-0.14665220845019464,0.11341929988885951,0.6994579323742287
10,-0.054134589168454636,0.22834519000491757,0.13738374429884456,-0.09845458438459206,0.14006990824603907,-0.07090237118452859,0.032083211482528455,0.10082122103424516,0.4565203229912037,0.1014554896153456,0.25903045845505374,-0.03157740565113691,0.14434777440334132,-0.2645943566563962,0.22824661251213688,0.001956695676158829,0.06751420169110729,-0.026736416607222598,0.048397779550798804,0.03306410327650588,-0.041378881731397865,0.18900571309118797,-0.10504057394527193,-0.004352244646982124,-0.29830492662030506,-0.07885864600601787,0.001012802783494068,-0.07674253450665733,0.273564492349518,0.11344241754805429,0.10925966014216758,-0.0536327651541937,-0.04571169860682437,-0.07641623722043682,0.026751552194168644,-0.12439702646558375,0.08548119115566306,0.03659275636969576,-0.1487393984650089,0.03722673081536059,0.16802058528412928,0.05037788935461322,-0.04903776229159147,0.22270583675849023,0.0013224223669838359,0.1693461134739912,-0.06131318244993832,-0.08994785695471412,0.09665979175020273,0.032302860195766676,-0.9421892530573177
11,-0.348550126276946,-0.26695120146044227,-0.15482741049855514,0.030979605233783767,-0.14142726760441215,-0.051449293579453936,-0.07552144562108168,-0.10407085778862132,0.12605785220021787,0.11904238225537099,0.08051717560840391,-0.10983177713675828,-0.30971490771613575,-0.16852014992659806,-0.05588972994497281,-0.1024721714059576,-0.20226805256405908,0.17157103409991648,-0.006545166695062922,0.09150164943469016,0.02442358983024869,0.10869940595820299,-0.08307207406993926,0.23860617179361,-0.11346845042808008,-0.09981913886841352,0.2427892123964577,0.14611607478443125,0.0074000915045973285,-0.11742598286034042,0.011101549315600144,0.10160697746654146,-0.029274947602955605,-0.10731004475237249,0.05321029826774936,0.08777888815159304,-0.026288204213836982,0.25183936430243403,-0.10340788002541318,-0.04540279962591135,0.09191511891234502,-0.009560545627786635,0.1705920465814456,-0.19774834739502706,-0.057377111305734085,-0.14803878075427304,-0.23820456966436684,-0.07958687623133831,0.09143597000204066,-0.031266601765505025,-3.7961143143512657
12,-0.17405614100238156,-0.09751471445293368,-0.0025488498927496712,0.012658693699770143,0.016392612820766976,0.07369430243910674,0.0857543830694251,0.10028388157586385,-0.09632988690364663,-0.0993157920453857,0.23761151491746146,0.10693707658534149,0.03401169215431547,-0.11717391914653212,-0.024215754233071984,0.1086602659876498,0.24691750903597814,-0.05011492770447885,-0.06882616378636701,-0.20563806798116385,-0.39461446731840133,-0.13024683035724924,-0.2585112986066963,0.14522121853441786,0.27408695770629915,0.1884998913121994,0.2240535112019269,0.14247706729164258,0.08523421066888898,-0.01913937484511916,-0.1420183618535414,0.16903982637839932,-0.06282943516948661,-0.09186975118561977,-0.026975148912934007,-0.053887786148318635,0.05728921121559633,0.014802468543450555,0.05900945770846791,-0.15896253702741434,0.07799511844641907,0.20800288196461222,0.08189140277530094,0.0949963912042307,0.23758027165616608,0.048392746423701616,0.1883052882697056,-0.053845956447788404,0.05808132857295384,-0.009786201841059546,-1.4796942537422337
13,-0.07421871897654617,-0.25623819359151745,0.22752362421267378,0.09019973640423226,-0.27748576208568276,0.1986430468908737,-0.2657217806550983,0.1914893565829904,-0.000444452988883243,-0.09580615244810263,-0.025813557497514253,-0.14611373909027398,0.01901707861429926,-0.10480141115033607,-0.07548046153206386,0.027200372967176433,-0.1392469702728127,-0.011742867908887301,0.13975789225146507,-0.1548510043994302,0.023470300054733523,0.14139290201298826,-0.0737651408614867,0.026859202232563217,-0.10105962814689619,0.3139709929465443,-0.2961285334228604,-0.043532722642153,0.03656469340889509,0.0060202025878521035,0.06157578056355228,-0.09158853081817384,-0.1715527696443318,-0.03722177436930118,0.08535080001594635,-0.18787495415177424,-0.07620177702749821,-0.28684032278865135,0.01626094546219256,0.03267335376276001,-0.03353622467228057,0.1459896310796341,0.13497253926489772,0.025591215215899826,0.006124634762348494,-0.03223135880070623,-0.10387902936694486,-0.1824553727578849,-0.21211701434447744,0.016434505638499956,-0.24066387772709563
14,-0.2726298859758806,0.2406717830490257,-0.007259066121910236,0.008948190393090511,-0.0029441667652481233,-0.03666179152839776,0.10912997959275424,-0.1397364269064107,0.10613678339331861,-0.2392124804926222,-0.028058779481878647,0.05027135987447393,-0.039373264839592116,0.012610547253646815,0.010525937969984243,-0.2622566258144296,-0.026809742842376583,-0.10361721777190815,-0.033855319130750676,-0.07208276640005955,0.2721593899802818,0.07018580401676164,0.14278825754478333,0.044461382560330207,0.09801046742056327,0.1950257063639639,0.23866294084275472,0.15603026633793046,0.07819844901562469,0.04475542319596342,-0.03482350156610984,-0.22219642436662423,0.11676307972326898,-0.13528412129562248,0.18560525743022543,0.012184743834768997,0.07993963925068595,-0.2887103934329929,0.2315872984550306,0.13002160323026632,0.12311914669642274,-0.15501664622180078,0.14187463001029493,0.13998917580063094,0.01653536183821496,-0.2177769403585472,0.15236942210743187,-0.0755633110909052,-0.0060839231243152,-0.05680941601542125,-2.486128494961608
15,-0.1033754110860142,0.2671064774494386,-0.16621966555301493,-0.07144402150306652,-0.025334311154636673,-0.048663083638688695,-0.2113743676844665,0.023847214739509872,-0.12000328948713583,-0.1328796533486718,-0.2343903490055096,-0.004387737301829385,-0.030627680086021184,-0.20608851608603834,0.12225933811854833,0.048330218133579454,-0.15764403916306544,0.31242086453694284,0.00492928119128886,0.003473070659859853,0.05897223282255112,-0.12688314378153637,0.10387860196514544,0.11156194135607057,-0.06919020170804158,-0.1154020082659958,0.041914778827651634,-0.15497925982303773,0.14906395043310658,0.29672205096905124,-0.0005218100151380557,0.22294302066531696,0.00967920049336914,0.10978237597655147,0.13715926506381568,-0.14665627759083588,-0.0480711737082766,-0.11424481850533377,0.1432614191197518,-0.18445442858817696,-0.10419327068366271,0.26265138704855245,0.08795748447177831,-0.08962880069565501,0.06467576682237648,0.03842033758515395,0.14311962330770236,0.08749777111706832,0.1158534994296857,0.23431093464256797,-1.2427714745060867
16,-0.09473569483714336,0.060266261257370835,-0.021775545770768276,-0.3310797172935467,0.04290657858792596,0.13422187613365225,-0.0698414735053481,0.0481948297777222,-0.03946229322070112,0.08624663104129605,0.026711539017460605,-0.008704127885296216,0.2552201559252643,-0.04647369594987863,-0.3295188364273031,0.061837723162768775,0.02239366803072846,0.009093556285588425,-0.045935195509529375,0.03891716708930486,0.030363934355359782,-0.15037254021575677,0.1473850899161604,-0.1089540389812168,0.057214150873401114,0.06767716442345137,0.2192570850994592,-0.007793185442688159,0.1907149269601265,0.07679852533668712,0.11487109863754241,-0.16420160761037678,-0.09903987331715314,0.06324491919287752,-0.1809675519707425,0.10682808413749698,0.11954617747026201,-0.23714204275942208,-0.2411662702076937,-0.38477027670337044,-0.011920454002669082,-0.07675996791373718,0.033352740422498674,-0.18587071017905438,-0.15389847839656254,-0.055523837831016304,-0.17619376436266973,-0.10207639458330212,0.02128675891142643,-0.1261793369445324,-1.0080919845273986
17,-0.3707485819534842,-0.03635062334378504,0.14897817744228595,-0.05287843622023171,-0.01679519054043043,-0.055234466519431535,0.12921975240098654,0.10815314646531504,-0.05617030104587958,-0.09651291628959267,-0.13601294376880865,0.018675153568965066,-0.017830040633053296,-0.16637568427356017,0.03819252599179678,0.1288896150945932,-0.06915321257154261,-0.03786461128537999,-0.314129676100765,-0.25648280753000713,0.1156162393242374,-0.08524879300770195,-0.07724449514563547,-0.02448367908617222,-0.03694377053751282,0.17864434589515632,-0.13581792130268328,-0.127506228649009,-0.25307432990664464,0.17210036194746994,0.2517451801115455,-0.004657859252355658,0.2604447211735153,-0.05338616019074682,-0.08475250006245695,0.02591886876822191,-0.1087753778582751,0.23298195580897793,-0.06098103184377384,-0.1871999175837283,0.04699122442072352,-0.18450070212195235,-0.1996915116108683,0.14763934690208497,-0.06083738574457765,0.004302591961603191,-0.054052662922958315,0.1256631227431412,-0.004411625995019379,0.02020927200109185,-4.421888118356384
18,0.024066175617727927,-0.16169491038510125,-0.21752093473073703,-0.07658284191997436,0.08805958913970592,0.11497630230941709,0.19527409190155626,-0.2485968261204819,-0.019176402066555957,0.03895346408638778,0.09837700422033877,0.08089396852231681,-0.1295484841216518,-0.11098622995433957,0.07154874645741886,-0.10811017173363313,0.14831422821452464,0.1483534339788898,0.024580351950574512,-0.26523349109781164,-0.16370645084806426,0.13333535217638656,-0.07575296933121499,-0.181176701950449,0.044983644949596065,0.07591771323086641,-0.021943351805527086,-0.3621400393840726,0.21191998138057974,0.06525314212103944,0.11648351928122867,0.12770457581903813,0.040248565096486943,0.041252336184315,-0.0185519987317724,0.023859322148895436,-0.019503929679631684,-0.12430397547597545,0.28839305955147754,0.09429891894274782,-0.11382925310302178,-0.2687463499551519,0.09985631994458904,-0.10821727490605106,-0.18655283341031287,0.11063649242503566,-0.18520414811676986,-0.05131032565193004,-0.10023675971791036,0.07481862169970682,0.06258196292758286
19,0.14375602532685586,-0.15625049698578888,0.029504159306713303,0.1724343356201805,-0.008359932989054927,-0.13952588490307336,0.15162238538448083,-0.18241718086087363,0.08731935892576514,-0.2682533968925304,0.22186667767285914,0.03774643021802358,0.052357145220505545,-0.08832915354427981,0.052194294493145006,0.09491984884351302,-0.053040050855348186,-0.08950771826054842,-0.1824963596816829,0.21487642428357032,-0.1579992493922957,0.0649517326333481,0.22071998432726167,-0.15604318075821436,-0.11378688467458321,0.10613065130711066,0.10443029323656679,0.27179307482911846,-0.2347600609371774,0.2580665216164004,0.10873827760453678,0.07857772393826457,-0.1707517667432355,-0.08847269440188857,0.040508976901844386,-0.09534338387893682,-0.06507799356255663,-0.1357645244078284,0.12865641013850448,-0.1324783618626805,-0.06328184952240874,0.16312087253198557,-0.07708843426166273,-0.10697740039868282,-0.2747988919913214,0.014395248771658684,-0.11361004543777893,0.08099313288695076,0.03795893013391613,0.07509161531113974,2.4811825756426042
20,0.21191538804861668,-0.02285497520592223,0.24921009381784923,-0.040904752876142536,-0.3498373543134019,-0.06643924535160627,0.015469419019152868,-0.2522541273368419,-0.13133372936165405,0.16762551083497063,-0.12598223594812893,0.1732213058391515,0.18450652524234504,-0.10466033386238083,0.06258669914141818,0.01264514485549295,-0.13410481169157878,0.1949685296386694,-0.08484094340488764,0.009187470408876058,0.08438176588368385,-0.061379283860968054,-0.12146393909112092,-0.01161226806332181,0.0965742449559819,0.10860560069519216,0.16960136339100249,-0.04870737254282616,0.008187940871164865,0.08757916823583888,-0.1652792021343731,-0.07641678374096234,-0.21810307160662737,0.03146154918386898,-0.011268327838112725,-0.17819303869200456,0.045713184682991605,0.23587429215042652,0.07008719359480607,0.03806692970016501,-0.021574196638131645,-0.15416404536527373,0.05664786115473484,0.23066430776330582,-0.15971649338279392,0.025817899028230028,0.027731827256526637,-0.23352449840617692,0.2544228964052909,-0.07893411532293439,2.875887347431782
21,0.03157302991758009,-0.11988457796471136,0.05262692318727168,0.13653752004100064,-0.02898404205821586,-0.09703641931468485,0.025134895484726458,0.05069536207441988,-0.07308809799273157,0.38756469737587806,-0.07059714516639509,-0.16868304505506115,0.08596993058806275,-0.2222559599332035,0.1049889779861042,0.20060591739198685,-0.14692783355819944,-0.11490148374078833,0.0037849818254853764,0.0019883721568930684,-0.20705840250176724,-0.07649525588906272,0.21812192233102312,0.012162961767617154,-0.1658591189723915,0.024209796713595053,0.1654439098876858,0.13491737260203004,0.07774557535687798,-0.034984007055735324,0.07678363290042121,0.002107399362491351,0.14266401004574614,0.23927344813349025,0.013246734911356453,0.18030122965413695,-0.008763535483028937,-0.2051801550990911,0.27601287745431236,0.025168691455520576,-0.06735796692846709,-0.18116929241302865,-0.05498712683180882,0.16357990922074042,0.33537263210988233,-0.12119305838362532,-0.09651833415217817,0.018006261389260723,0.034352739842170604,-0.014802726888346194,0.5460293902954574
22,0.10737023223979601,0.013469175550546362,-0.07076712763354258,-0.19249377291651723,0.12217628600850292,-0.08941204897747812,-0.19442381217881102,0.05558191567979801,-0.13351908276849134,-0.053832178312335735,-0.057080365482483714,0.026843874118179,-0.18980392272705354,-0.035939099724260765,0.2113774851305104,-0.1569218040274079,0.03708195567544581,-0.1460500621010139,0.06094816376042787,-0.041877295763941384,-0.1958813123207477,-0.009162622371201513,0.20608154656590008,-0.14035264372860065,-0.07729584238573886,0.014354897134884925,0.05031387860579805,-0.13990070147333436,-0.05378784427116446,-0.05418922580504576,-0.02719046245009737,-0.12856674748731095,-0.04327284883352367,-0.29943337576256984,0.1803320123447865,-0.21729378465926522,-0.10769648248990057,0.17714953255565405,0.06544058321683267,-0.2314946606009492,-0.06869334828375676,-0.038129800600516586,-0.2433264670946825,-0.07895409868941046,0.18844270485031586,-0.1543100517826329,-0.06409462800047201,-0.3098053738961066,-0.004461475642962332,-0.26028139548615564,0.4378224824416087
23,0.06310280016654826,-0.19438101863339818,0.15106497744722708,-0.2634222873133706,0.17895294941698384,-0.07620689973246488,-0.05816214706101904,0.11857247348225268,0.0844855886818636,-0.02126722599056533,0.21906169016995797,0.025838285395174545,0.02528059224752736,0.2750058576233476,0.05604050499689471,0.22203720438577845,-0.15487981538767712,0.3162371558616057,-0.35012605294792,-0.12920103075650086,0.10574206962224811,0.15492026776613047,0.1702064558255759,0.1432709731162857,0.14731785237156653,0.004720840989026332,0.08648458819241994,0.008792882064686702,0.20659431179074142,-0.07230473534789687,-0.07269437028124741,-0.04593157550578673,-0.11121611155727848,-0.08218803038110566,0.15286477540500623,-0.019369424704162592,-0.07039396418446503,0.013663351316237459,-0.004702563061178501,0.11593966678582383,-0.1888913245486804,-0.06029679818926475,-0.13395642297926272,0.0253654514323992,0.10788053533418636,-0.11087568036074681,-0.012649470148005356,0.12432842667079076,-0.11037363633108137,0.14882172541152042,0.6195035142445281
24,0.3091747388501284,0.036977432084476604,0.07001648934482159,-0.021274249708597252,-0.01804672470458535,-0.018050488056447222,-0.08851084411731848,-0.17308226155413337,0.05585415507499848,-0.11690100619491607,0.0684357560506243,-0.14858279733481425,-0.2679435224073951,-0.12263696631241029,-0.070673527527488,0.1792662760693498,0.018139129759437184,-0.024948327094430234,0.15609495081049807,0.16681231402995775,0.2657927667750446,-0.011264458980286251,-0.10087975314228025,0.08415727617421441,0.16841570591097843,0.2541517780192772,0.19046506804554866,-0.07197294690408589,0.16118241685468446,-0.18194387314734997,0.11408409396815665,0.08397626300899448,0.19232201978915273,0.03473715272783758,0.13751807197504395,0.1593601536147131,-0.21986173068881734,0.006723053439441827,0.022198832836990433,-0.24880769066051264,0.06412746769412966,0.0696109585545386,-0.15152651173293902,0.17985560619264157,-0.04226515778777181,0.2320646144447542,-0.018937617427892607,0.04670792666050984,-0.1168441586182688,-0.08724673276835034,2.8440895675848545
25,-0.11318043617865171,0.08522177915979637,0.04963870110393562,-0.0875313851803834,-0.054913251757793276,-0.18857889002763364,-0.14733666421844258,0.13893660456098933,-0.11812376596022131,0.05094850309627159,0.06971136314340586,0.16710508559122797,-0.10330281322177128,0.16570297335331668,-0.15204569134199958,-0.07388006086076251,0.07271903685071081,-0.03769957138067177,0.16102524425751197,0.09565854309130715,-0.16577064949216722,0.27591572436453554,0.13596854702833994,0.3474726385397332,0.06604027741221807,-0.010056769334046959,-0.09665806794693388,0.015695411278131923,0.07572412803825358,0.27359582244710656,0.16307349911686234,-0.09897551826627819,-0.07098629558436241,-0.001633031935772201,-0.2786018146035907,0.1962838769098199,-0.1977508842557775,0.0904130654221726,0.2766746236764394,0.02402571932261313,-0.10621339149587548,0.04348483787600375,0.009986775144622758,0.17747123970303458,-0.1400133539084024,0.10467844967368382,-0.007437402228733601,0.026895458068461085,0.08122733604554469,-0.17384578864731795,-1.149110642599141
26,-0.12028511713760685,-0.02369128387483758,0.013702347495468897,0.12107644944353693,0.14704304725064288,-0.10394193134140273,-0.06367076096916044,-0.08115945054217291,-0.05527348892389107,0.07379934687345102,0.31364663831746015,0.24995973211106423,-0.271322104963262,-0.10884139932372856,0.0603250913974355,0.046122737596206505,0.023959908667686824,0.1709811208993626,0.09946562351101987,-0.03201527591315179,0.17374188254358125,-0.38026490822633874,-0.07330382968306683,0.007632278423571496,-0.2280450400315144,0.04100386965170399,-0.03609947945265882,0.001897272125224562,-0.04232766837129958,-0.11588656150353698,-0.015032211944032385,-0.39092403716649854,-0.20194131502008278,0.19278771527693658,-0.2262122438387769,-0.07490938215513689,0.005786235623404611,-0.05741942816286351,0.11713518403071556,-0.02088178387695224,-0.008448950205254133,0.036005837750274106,-0.14172906977534136,-0.061449619572621135,-0.021497077040926727,-0.025926747472099755,0.15599245610748344,0.031902639341641496,-0.12970931230204139,0.03879844710740487,-1.7299026502952655
27,-0.24345619012301953,0.10611254912505698,-0.030068497124814807,0.08488358355371034,0.04558583738439894,0.1336033999462804,0.09218722287243193,-0.07467667399328536,-0.18525933435263692,0.029807916003934863,0.1656926117596066,-0.14054583809578985,0.3424314501334479,0.19099868348363258,0.1294598932263156,0.007760051881883741,-0.16420557120074084,0.19188433979490155,0.25647948950349775,-0.03384347858473932,-0.06632451402230231,-0.050393165740539786,-0.1254545735076727,0.04448862682972453,0.048291160296319836,0.06388418387003413,0.04230808730509393,0.0590275447472379,-0.01275677561788543,-0.09580735412473931,0.06336929289109298,-0.12890360331871828,0.1569149186697338,-0.00691297101946988,0.20796721254029674,-0.12274576411067784,-0.225735306316839,-0.049628300555518035,0.04212345065187809,0.1232251016548935,-0.02977902566022054,0.09146065642958037,-0.27618093223930085,-0.1687459478534385,-0.09770956006055014,0.1550907452480575,-0.15631680936260942,0.0798640774983081,0.2401601016934086,-0.21884706338464516,-2.5614621385910925
28,0.08060494741516454,-0.08482291835021019,0.10800934619184674,0.0918693628661692,-0.011114132363502163,-0.25532728685491984,-0.14710845021215105,-0.08285353938299898,0.24442927064777578,-0.005781036598599595,-0.301405479615182,0.1943039840426142,0.01836186970177362,0.02642852015391097,0.19278860022461228,-0.07060419239274998,-0.02345085830717689,0.09934809275814843,0.110591796543267,-0.12657362771935338,-0.305109197721091,0.0483955716578664,-0.07540674268547953,0.10226455414109877,0.007546897940820055,0.14322156862750718,0.11023766912387233,0.02182543659895062,0.0506212915022757,-0.05871404235083244,0.0975572157830685,-0.026731420104690623,0.0376272781276223,7.151256017083459e-05,-0.05642522044763643,-0.016326301529673886,-0.14120469939477423,-0.21091081075060614,-0.33238030772762617,-0.0569242961315933,0.009420649255309116,-0.20381284913404274,0.02147529490284654,-0.20915773445840827,-0.08649718662708057,-0.02949860333806579,0.27145485772085626,0.26636608792110933,-0.021293063409375812,-0.13725591077102733,0.4956025344188766
29,0.11973884370616565,0.26240006763250245,0.07066882574871086,0.28535685584488896,0.1650588434757224,0.18026821386561656,-0.196501837195136,0.05556944207623236,-0.10391705868956744,-0.11101412517185853,0.11275460242791392,-0.18526329186251503,-0.15242503450890532,0.014949334817119245,-0.24119519859814628,-0.16456505959429205,-0.08524476329136092,0.11158069469046883,-0.07595433563917939,-0.02301908386243762,-0.20739156922764138,0.06447330464282205,-0.10755485670898002,0.04826715409141485,-0.11963174402424144,0.14801721860686118,0.20524497333732655,-0.031960480084931873,-0.06787812802434509,0.010796139840433467,0.19773389024229449,0.025801968651884142,0.007516554877959613,0.05977947496017113,0.014734298522154235,-0.07091612744077289,0.31188194939822544,0.10388295958442652,-0.1266013787723615,0.07511546988116662,-0.3464590549525716,-0.17949715121120335,-0.08768370057993263,0.13175028898910046,-0.05465135576650084,-0.09176577754372785,0.038614846743392814,0.024103691014124087,0.07685600305381807,0.061957574530120546,0.7972696269178197
30,-0.17193420350810895,0.01630501791781256,0.24089344765227608,0.03836563997419504,-0.1748225881431823,-0.18921978080120477,0.20816561701197306,0.035865204419365734,0.2537148382008165,0.09164899112135974,-0.08382854659608945,-0.01481943891979197,-0.03950560760142402,0.20505118544115516,-0.13353763067074012,-0.1375268811336039,0.05140521880827808,-0.11441644792464734,-0.022644038510663596,0.053405547734221986,-0.04822611098280324,-0.2086759896711463,0.10172200454304085,0.10737708532946405,-0.043120233321986674,0.15662733485309588,0.030542517412755286,-0.23619859836816484,0.15488321360280113,-0.058442988318277864,-0.047568363849342495,0.27658414637407747,0.013421570075687457,0.15892773939535818,0.06444529432596273,0.0012688511976749273,0.15583605360066322,0.03290980566886705,0.09740732665112828,0.05916369234193247,-0.11553479273171831,0.19790659053778575,-0.3513494492022914,-0.21118520753187048,-0.12027268752436258,-0.061101196490721446,0.04410150574526529,-0.22067004258102693,-0.0721649071150257,0.02510509854506981,-1.9680636081143998
31,-0.10162469968028212,-0.0801419015519027,0.012317713211614229,0.21526320433362842,-0.06645229162773744,0.01616190599600184,-0.23230738737148793,0.1355510438599019,0.06876007291313843,0.3007141149885504,0.08166781176481663,-0.07565323261015346,-0.05261076575638833,0.015130087710512772,0.2603412834833037,-0.09321111895069724,0.16745558981053557,-0.05986544310077709,-0.2781974097429913,0.17304846158303444,0.19366270930225596,0.014348013307264283,0.08023319226487259,-0.11022154873428246,0.2755901234050841,0.01735746490249505,0.11534460856152834,-0.18493939683085522,-0.047626092275921336,-0.07099377671967366,0.02972528665416017,-0.030241201742874098,0.1857915582717979,-0.14828687610991875,-0.20311628779643956,-0.2267529649348765,0.10755301652248912,-0.13501508861619263,0.06077968985886442,-0.022260781848504663,-0.2000786240897297,0.1411604115933121,0.14621769656261324,-0.0403907673506832,-0.055163244344175334,0.1527460611385903,-0.01618611749152275,0.14048898743006122,0.1057339784179387,-0.14461472663844765,-1.3808633760245144
32,-0.22403299378220068,-0.08577413218232642,-0.06993772336186352,0.18812642451915668,0.21305669663911267,-0.010006239715836928,0.05924166460943588,0.026450579475528833,0.19692945131268827,-0.01779575727000703,-0.09267721793287827,-0.12183832337421627,0.057768540772617644,0.02331693278009569,-0.11240055038260538,0.22281848633556756,-0.18538521813353162,0.10783310035810749,0.11895729144697295,0.1881982158875849,-0.09310626238816985,0.0005187466051958232,-0.0487689872392804,-0.19584504082986096,0.13844373798639042,-0.17469847162991567,-0.17075394411069655,0.032810550429391565,0.15793953298367455,-0.022849514514349658,-0.13849324537974522,0.042785693652155316,-0.016169136783836316,-0.026641726180002198,0.03240328688556856,-0.1518041770834725,0.030334407722541076,0.10819297972804325,0.17498895288635427,-0.25000354330797425,-0.13364845647449683,-0.152276697093306,0.05816663759313023,0.22898963410205167,-0.22335907055876883,-0.10751185482504484,0.24599431472436445,-0.05232661465194729,-0.19349483994640115,-0.25016598901003123,-1.9626504442790114
33,-0.1263778511845169,-0.16456734859966643,-0.14841221585981448,-0.02669065811208871,0.06472245625513662,0.06314972308799272,-0.11431917228147505,0.10835270217892591,-0.05877643666954691,-0.06642082616562282,-0.01503022425475456,-0.002481162024133976,0.04745573762940812,0.026396271353633195,0.09953253778441117,-0.0012202624842131196,-0.0011953595730269592,-0.007650908377139675,0.13201860756129608,0.11049911939063554,-0.04660428506220197,-0.1304680693145971,0.3724625246552644,-0.21747076873750182,-0.019728828258547562,0.3701824125908303,-0.033241095492828374,-0.122828358466318,0.13318251353755947,-0.21631614221987283,0.14359178200454414,0.08262471822521102,-0.210838963137127,0.004141670199741028,0.055647494383062185,0.1469188416457441,0.057072141150356054,0.23769659481188463,-0.04976752084501545,0.1634150304266905,0.213293182911187,0.01936168101510389,0.0902547979698801,0.16560965390964177,-0.13965318621544337,-0.008732816877363938,0.15514611412526838,0.1665679838631049,0.27315459466220254,0.11924869689559357,-1.1013733489809803
34,-0.11177950405353758,-0.10069979169120177,0.08067383774540794,-0.09191346373692229,-0.032055010126351285,-0.009130586114570172,0.1820780572323235,0.052951537350209014,-0.23727012223416483,-0.14348967960944736,0.039378299525615015,-0.006201268407689334,-0.0716708046806836,0.16709643771182847,0.1249871425234227,-0.11636628084447753,-0.21707675388636063,-0.2135116384642747,-0.1300185855991457,0.15304499762184917,-0.08939385582526711,0.06054263293907233,-0.1441661982547693,0.09242639433680876,-0.3091667571465141,-0.12478649858200139,0.10285670936565851,-0.33010962306861963,-0.014391757326362045,-0.18697610086933933,-0.24018728566633538,-0.044801195199378405,-0.12334660705117956,0.032286686975006515,0.0919913892839156,0.1270149233735389,0.02153738376691481,-0.25292795532197015,-0.06113812529193941,-0.22559912397967624,-0.07102513506828119,-0.04052423727046333,0.11442378998257183,0.19352312367244812,-0.07067525089397235,0.18710309382465576,0.03463174688422751,0.14105166810786235,0.07753507422665919,-0.028135052259590992,-1.4282724687568675
35,-0.003916261752202416,0.09851507606341643,-0.07294828726800882,0.131730864556426,-0.011696551612328854,-0.038449936072438684,0.18506802285463142,0.1687406204298497,-0.0770412519432546,-0.048753182349905756,-0.014452942387120296,0.1806326555364273,0.176709726683905,-0.1860514530388537,0.1346547754680216,0.013086183755816688,-0.10135479052092018,-0.2714337886227595,0.21640545491819768,-0.09360004487732514,0.2927449593430884,0.2746992132550472,-0.057551563007855806,0.041915839845514516,0.09763526495971844,0.026066826866447394,0.052312679686955146,0.08096127321008725,0.13125333131707242,-0.27164812564683355,0.07638444619113284,0.10271384421372057,-0.2008756539148716,-0.02920071694355515,-0.17120394964587085,-0.025642937791146514,-0.04099422984429314,0.11682043129636593,0.019438117313026217,-0.1698982978180761,-0.35480116488260427,-0.07506219070811243,-0.07246415663446605,-0.16897067692737422,0.017044977441734294,-0.11186752598799551,0.001175075530630712,0.0179609637499416,0.05920982170630081,0.2181658106201254,0.40796499001385844
36,-0.166136972872539,0.014237032418097722,0.18983671521360354,-0.24979595603978647,-0.052775124737815565,0.10685214697756298,-0.16456492662347058,-0.09841754460114946,0.2581014522392076,-0.018744152957125136,-0.17225810535480157,-0.03647844881836722,-0.12892220806492377,0.022755369030196322,-0.018402784637008954,0.012126849392251596,0.22546693889639996,-0.13608535468106564,0.08124795662326052,-0.13782528472825978,0.009284646453752697,-0.05587111048944149,-0.14022235816574896,-0.253125789865913,-0.029006708380701723,-0.07045657030603925,0.03830471585885178,0.2174504316284374,-0.06384459716685077,-0.001401655766289199,-0.05390989514873862,-0.08371374605787715,-0.21346208666967023,0.14877754645217528,0.24047919842256013,0.10287007137993279,0.021216843080279674,0.1141185587150352,0.18089177760367967,-0.01035711404265219,-0.3468018072610423,0.02995366667311404,0.036762907789050205,-0.011905188452400517,0.048728430318086845,0.11892164862107175,-0.11847517753824016,0.3106557858320897,0.1494774696973241,-0.0476277472220219,-1.6757702826992473
37,-0.013552709492205123,0.14170962822730784,0.15407994300192965,-0.13484556054154895,-0.03600880499007524,-0.2793826924220497,0.20893131471455917,0.018606891158521266,-0.0710085321730445,-0.10896365460314922,0.0628350939524797,-0.049377451995390696,-0.01691276686169723,-0.19362237837036286,-0.019850947578906205,-0.11106641909542748,-0.09259157477079884,0.14211264964724105,0.10903295612054655,0.11678001870039115,-0.21299825974343023,0.03942377013131312,0.06914292857076786,-0.2189827339176365,0.12434411258516409,0.16527152917577811,-0.03785976408747781,-0.05921634533379159,0.029547122951282926,-0.09426041788396679,-0.20394948132891208,-0.22570946615717624,0.2703518857225355,0.11252132297921713,-0.10631060769059374,-0.014074782108671382,-0.0347088457367609,0.1628216590557239,-0.13841802225381591,0.07800443134887729,-0.18797982761557946,0.2514756143074045,0.2672227372048122,0.021376863234736154,0.051679792831459,-0.1430566801931791,-0.21163771342590984,0.13748159762359144,-0.16012421448452446,0.05973207768230723,-0.5079583241123813
38,-0.02281477366173298,0.23921892782352588,-0.11473698174345112,-0.007599603242267863,-0.018669832464075546,-0.19515504347320495,-0.1316478686805052,-0.20442240647985307,-0.15392089932432484,0.38560398548055225,0.09878761687750462,0.04963032028154511,-0.004374374483155456,0.1716602269018927,-0.1933639657739989,0.09480618336567202,-0.1750983712446178,-0.2091733887306381,-0.04160923228045271,-0.30816796574689814,0.03602739591742037,0.09826917498076253,-0.06847180149441276,-0.20962585309285856,-0.19532859047356155,0.12357083885582648,0.06342851499116611,0.012360801436016346,0.0625551215483084,-0.0011710103332551063,-0.051958521020353476,0.20916599330686805,-0.05273181320803411,-0.18300002545036334,0.02791526083540903,-0.11468487372620922,-0.03379803725376014,0.02313758378591322,-0.010911229297290603,-0.0036513658057138,0.11030707342269584,0.20493179785047855,0.060814550915363204,0.07667970819769772,-0.10078690582963812,-0.09021433274136889,0.013787944768994488,0.23828894176747448,-0.1952144542824109,-0.05671188936875822,0.0048174367739466095
39,0.07793091680667823,0.1798699309631898,0.07983372882981636,0.11688368372662024,-0.0354834596588558,0.21424751780033757,-0.17893412315330065,-0.0851463206232696,0.07271728370355797,-0.17539306017933062,-0.036148371483107206,0.2632290013660496,-0.014441840602271185,0.04429378382629466,0.1621737790576519,0.1237465931895184,-0.30028316793624915,-0.17427679448971073,-0.19426374726206647,-0.04832746721778076,-0.1805622243356485,-0.05422304219540719,0.044251926166031935,0.1329907444040309,0.07648870508547041,-0.02908327361992357,-0.15744993191403595,0.03459902053798191,0.23123445042783258,-0.14950391868068266,-0.0007853734722890084,-0.11236808335282307,0.1083401419275682,0.07531686006100743,-0.03930798011870373,0.043527790575640324,0.2922852812413971,0.17318810979355012,0.2135550108366226,-0.0788671385776357,0.2161736146524885,0.024964067482922247,0.05823227419174608,-0.18717109216489497,-0.053545310587652606,0.06107332974559625,-0.26341387805339767,0.08828622703680934,-0.05805780151711008,-0.08194734175464598,1.3725246255053802
40,-0.009923831914350352,0.026165392188136277,0.09589718916354317,0.0226445784935774,-0.285719077502735,-0.15962573466150834,-0.11789871419967009,-0.023852678891020055,-0.14651960908593076,-0.1417867143874813,0.21754779552681583,-0.1871123228629349,0.03836933640820642,0.06687637098258085,0.1172101925652548,0.14590808906031286,0.18446062875179023,0.1623856946888933,0.11137345193526585,-0.008040623167024724,0.0810479175354216,0.03818550076150189,0.0018591741477961695,-0.11742879505782747,-0.23514352000510824,0.07849884014071708,-0.17144401499956538,0.10291528909912519,0.15999105060412938,0.08693295907653986,-0.23602111068882273,0.08854418796613951,0.18369237316548953,-0.28020547932998535,-0.10060341243885813,0.2532288303418184,0.2714751742777489,0.026708128848869025,0.04589517628395225,-0.109420583850124,-0.05724543690810585,-0.2415094893375351,-0.03785500063342996,-0.21431270264719565,0.04156162865487589,0.029135236516193052,0.12684312134101175,0.029789343508636004,0.07502157407851727,-0.032791556849381995,1.1494005372546068
41,-0.025755996900384492,0.07159010441183215,0.018156867506347683,-0.13191375569314037,-0.01237783577364985,0.020303493619694343,-0.022520423854010558,-0.04622055574610247,-0.12521340077182005,-0.06019483684756513,-0.17763481004934872,-0.2083249997321006,-0.08715338081944937,-0.2766518667606762,0.0673964908017324,-0.005378144559400192,0.0014668844749912704,-0.0407339529774992,-0.10437945783423756,-0.16214930021558568,-0.11576101355199693,-0.20549520897206025,0.12230379784963245,0.09840886304569788,0.024651238407993367,-0.2064551986839876,-0.017055648281643958,0.23898016459671556,0.13330438973088043,-0.24712881233192874,-0.07512772797321186,0.03315537386274144,-0.03509254801121789,-0.287953471408595,-0.20781596231526847,0.04612372998623235,-0.043894846069934094,-0.14441170627431446,-0.06658380650114198,0.27897055110817415,-0.13076589981483205,0.07169346458845312,-0.17851308582395808,0.15059195410494824,-0.3741097114355543,0.14436184758268997,0.00457005157030937,-0.06324602593737075,-0.08718703882438411,0.035558265525531284,-0.8026729391319165
42,-0.03265546923690779,0.1504721571810814,-0.23586622666197757,-0.04800355794910637,-0.05618717012785035,-0.02503240153476427,-0.06072156278767035,0.14709222042180695,0.13061714390654067,0.07318498922742389,-0.024913981959891713,-0.10272239004051821,0.042489000780089416,-0.06831556210983498,-0.2056096310117642,0.04086067437278314,0.02917795754362039,-0.121753415262686,-0.07209165629029184,0.1715471111005618,-0.10341607953294712,-0.03960150144212915,0.048224590909097094,0.1670369261538745,-0.03778953462498637,0.267266816237508,0.021031962034844174,0.0038203744639483915,-0.07541048641164824,-0.012379537784266566,-0.3724622586697069,-0.11346077735987684,-0.039847083860834194,-0.018721367323018955,0.012343461394149454,-0.27911903859532056,-0.17942336104008572,0.08302383999223345,0.10457258822374953,0.04343036692291729,0.05201846856730451,-0.3820701177068311,-0.026994737534451342,-0.15567378483927954,-0.009331961561161433,0.3076437403278438,-0.047976698477762876,0.11414286930676103,-0.09168924580962438,0.2401478615807565,-0.19189304567737198
43,0.005348081346939464,-0.07642298342228115,0.06354859461237038,-0.05144770566744629,0.18918673791196697,-0.24162908018018728,-0.24881995584116762,-0.19072037917055215,0.03955183677036889,-0.12322973381666806,0.08433719613791586,-0.12044690244575994,0.2169137999743573,0.14571185076561022,0.08624583856393987,-0.03765355360040542,0.06984852100880257,-0.19570687574247697,0.14973377106889443,0.07339118748296808,0.028046105437096687,-0.37771120465957786,-0.19215592469007214,0.21850385633528657,0.0693851064979964,-0.02713154341351559,-0.08009877278261007,-0.10700083580989946,-0.015310179232330556,0.02641799945699637,0.048840452620685454,0.14864017044391617,0.014437467194270023,-0.10580335593217911,-0.08285075661754542,-0.09380138786636216,-0.03630117451949825,-0.04304915535956739,0.054157551781503506,-0.008036438081545147,-0.04971346368295737,-0.1442897452444216,0.16097384425675804,0.14581865923156617,-0.028207002714843457,-0.2901609092857082,-0.3096240323029044,0.028554373823179983,0.05311524394113583,0.20819873529688576,-0.16477410946433688
44,-0.0232010163524162,0.2182819294626113,0.2918258065327737,0.18570126754113384,-0.0027865262161074025,0.11849957539088202,-0.08267872592724894,0.12240248813107538,-0.0003303434896393138,0.03275150935353374,0.19365346027220046,0.21236679549937992,-0.05328798849430217,-0.2728133269948501,-0.17255903542530204,0.16730448159003414,0.07407471611202922,-0.03684201810489511,-0.03587234022465014,0.05643484656524117,-0.04231330981753697,-0.05689084792007062,0.062345047268570354,-0.06841554734591487,0.09494742118787666,-0.17575358209500963,-0.03795880102342035,-0.26813475907102985,-0.06481678009243255,-0.03564915864513571,-0.16191557125120534,0.12174301401197467,-0.04849505855861922,-0.12836881954263313,0.21668641323575957,0.1972901390124916,-0.3224795148471508,-0.10284714431868736,-0.0265769148150516,0.14689735364025794,0.045732399120791585,-0.12612609065309643,0.05071891582951111,-0.1426754088191379,-0.10676831950168894,-0.2577275016531303,-0.0041643866088416845,0.052676466403903784,0.15798998834467118,-0.06973251687697081,-0.47869498196802984
45,-0.03288505324289301,-0.06318369968235134,0.1881589140112843,-0.10172313100702737,0.008193570895254807,0.280540832839188,0.07285315187736598,-0.09339274601358794,-0.18871378071555345,0.006544172508977553,-0.02991437401622474,0.03915524098362149,0.1505303852304614,-0.08620841055670178,0.09173991309881678,0.0709517785320422,0.37304252396271836,0.010117298972545808,0.09878044275831839,0.09864188273537189,0.06008613347236841,0.09148084235595583,0.21354979135330218,0.29890552147307486,-0.261363613689399,-0.04099788222118259,0.1561530458610379,-0.007712681847621026,-0.022265863639596917,-0.04884877030681451,0.022554079662585585,0.09636551961940286,0.0962064768985243,0.08720803317855631,0.06752779490937423,-0.2693347432139329,0.06088065107606525,0.1744062053495932,0.022769356613231755,0.001832326321731412,0.012441109001681112,-0.012009658158926847,0.10136258545059047,-0.010062103201152545,-0.13337965156545648,-0.1614651084501653,0.055472554980621064,0.22278046055704476,-0.3239528091473202,-0.14547219551201476,-0.6257779264048426
46,0.05773385001741947,0.10810952586919324,0.06591925120607789,-0.24186700837918934,0.0242694480040084,0.07496998279952422,0.16576954328111457,-0.13643484582128115,0.13721186545591751,-0.07963605320122631,0.006863307635497528,-0.15561263412943502,-0.022340768809253377,-0.1303406545219533,-0.12016982022186672,-0.05018984636891446,-0.18073229287236584,0.13580832389715886,-0.02518874568926569,0.09972095530860355,0.027582033732064557,0.012887278848619666,-0.004489048478156892,0.063809322977088,-0.004622905230746602,0.09781451871410374,-0.15275801490540067,-0.1096525209042523,-0.1562700901530163,-0.15653140737374216,0.08278291244555558,0.23498644399577043,-0.23409687191513232,-0.13082868364202474,-0.34544592525669304,-0.12499115551708713,0.058889674508117204,-0.10859683406666035,0.1846638731441856,0.07485755885651914,0.06943305051235826,-0.022107287987770546,-0.03761317689544842,-0.07950701314322517,0.31845877142845513,-0.06423895687914685,0.04652974886594149,0.23385853757498898,0.12739792745600126,-0.33134885398887076,0.615591305653087
47,-0.08361903484922004,-0.003507837329010089,0.007820578119732803,0.1476381113597947,0.013127302471732084,0.08075872352896808,0.07925911640156887,0.024981194865241387,0.051249709283730266,0.013068722031459853,-0.15799106356863943,0.45235448772916864,0.05575426789498691,0.0735008537936183,-0.09623941862328128,0.0067906088767319414,-0.03860221036924515,0.19404298871220094,0.13644733481135474,0.168654895637589,0.03743700822579146,-0.20979718811877845,0.07119379456729565,-0.0416765072467272,-0.13979935431825577,0.06158869243326953,0.08944112520186186,0.03045149132704559,-0.0025009156435623426,0.017709368683174492,0.06041309023537148,0.12522530004273108,0.010032749817896725,-0.41980341423618467,0.035760046031200934,0.08966454784238775,0.05272086075314904,-0.035131274706092695,-0.07648313261946217,0.06376366462292747,-0.19936428047733615,-0.020786425965458596,0.04651606344527854,0.16305600272003337,0.25225275805956915,0.2741633038038759,-0.25870939926472053,-0.00601481360144603,-0.2063041903130605,-0.012459928328603289,-1.0360463193453333
48,-0.08434982835908053,0.04491625251902174,0.005472684026164897,0.09922862168630722,0.15316948543974093,-0.23043615407236778,-0.014750173427663884,0.1295057366831321,-0.24373745068088062,-0.09659683224802325,-0.16564959173751648,-0.17050856318742993,0.025743481296130903,-0.0940697249379185,0.1633562525372231,0.10877403062464566,0.040957468291983656,-0.0633392754260123,-0.09268681912207283,0.17640888471256377,0.07833919960532533,0.012561945742273237,-0.24488922394337626,-0.05874593952912059,0.11855679891031456,0.059840188385415716,0.1695821546986561,-0.07832276936833683,0.10631686213974184,0.23519526804565974,0.05592068962148876,-0.013975309069567952,-0.36557328689042057,0.04476214180022751,0.06642648692490966,0.1439781958779329,0.10857581360703562,0.06277883918195368,-0.0227312113219746,0.29265181207948293,0.11237647136983424,-0.03371595822288745,-0.024008726691137308,-0.19174683957406133,0.04472195604227077,0.05933822937722817,-0.11399683242419976,0.029737806105353957,-0.2992708604726717,-0.2319857386973525,-0.728030688904553
49,-0.00722397564148924,-0.17847637022173743,0.17342416133121333,0.12430724219578657,0.2479359724511643,-0.1588294977302032,-0.22007306144875696,0.12103778504793924,-0.08572475508689198,-0.09126989939643933,-0.13044853039769339,0.0979469318469844,0.16529703165737789,-0.13128937591556405,-0.20651853816949264,-0.33725153260353796,0.09260288133243137,0.19637119591475694,0.005885677060418637,-0.08752428012118697,0.09012463395290529,0.20352956766996647,-0.010254492662617687,-0.14014775395952173,-0.03088183116734785,-0.07561282572912946,0.08176625791798864,0.0616356448314562,-0.006139722781340581,-0.14555186036351994,-0.2515470892089527,0.13549899616607167,0.05284807991069419,0.09885206545219936,-0.07620229108133854,-0.020950390887853835,0.06470317167277961,-0.05841656283235522,0.19287051000899239,-0.10893071450614888,0.2890395741466175,0.031745549447213146,-0.24377881744070629,0.07134087570992402,-0.03509943542947875,0.07107065524358018,-0.20038985256874423,0.10476950115812621,0.04572384612621572,0.03683177618795018,0.307780196631033
